noms_images,Vrai_comptes,predit_comptes,erreur_de_comptage,nombre_taille
01207e3d7e.jpg,5,0,Faux,0
0140acf6eb.jpg,4,1,Faux,1
025c8579f0.jpg,2,0,Faux,0
028ca794e7.jpg,4,4,Vrai,3
02e080206f.jpg,40,40,Vrai,40
0391d1cd81.jpg,1,0,Faux,0
03ab6f403f.jpg,2,2,Vrai,1
05c7bef607.jpg,3,1,Faux,1
06592a2984.jpg,1,2,Faux,2
06dbf139bd.jpg,3,1,Faux,1
06de4d46b4.jpg,14,1,Faux,1
0712ebe773.jpg,15,1,Faux,1
078aaee7f6.jpg,2,2,Vrai,1
0992f9217f.jpg,16,0,Faux,0
0bcb8457d5.jpg,11,10,Faux,10
0c0f693a3e.jpg,10,0,Faux,0
0c7067ece2.jpg,1,1,Vrai,1
11178d409d.jpg,8,0,Faux,0
14080c2080.jpg,9,1,Faux,1
1573c64a86.jpg,6,8,Faux,8
1576817f96.jpg,1,17,Faux,17
16f46adcc2.jpg,4,1,Faux,1
1a1db517f0.jpg,1,2,Faux,2
1a203989bd.jpg,34,1,Faux,1
1d5fb7f409.jpg,4,0,Faux,0
1e5109de3a.jpg,8,0,Faux,0
1f3c0f520a.jpg,2,2,Vrai,2
207092513f.jpg,8,1,Faux,1
209529add9.jpg,3,1,Faux,1
21ad309395.jpg,15,2,Faux,1
23560e97ad.jpg,15,12,Faux,4
244d4d4639.jpg,10,0,Faux,0
24699d577c.jpg,1,1,Vrai,1
2564ee861d.jpg,12,1,Faux,1
26fb204f51.jpg,3,2,Faux,2
27ad5d7140.jpg,9,3,Faux,3
2895e89ff2.jpg,20,1,Faux,1
2bf5e82e5a.jpg,8,0,Faux,0
2c8f0e58fb.jpg,2,2,Vrai,1
2ed9a9c1e2.jpg,8,8,Vrai,8
2f52601471.jpg,3,1,Faux,1
2fc068f84e.jpg,7,12,Faux,12
31357b26f3.jpg,5,0,Faux,0
31e4b72f06.jpg,1,1,Vrai,1
321f79f6bb.jpg,2,6,Faux,6
342d14adbd.jpg,5,4,Faux,4
35f856e199.jpg,5,0,Faux,0
3613533eef.jpg,2,7,Faux,7
3731e4b26c.jpg,28,1,Faux,1
3942739722.jpg,1,2,Faux,1
3a31d6cc15.jpg,5,1,Faux,1
3c64dca0b6.jpg,21,0,Faux,0
3d315bb61e.jpg,30,14,Faux,14
3fa08174b0.jpg,5,2,Faux,2
419d2d60c3.jpg,20,0,Faux,0
41ee53b36e.jpg,16,16,Vrai,1
420cd5cadc.jpg,9,8,Faux,8
421f429a45.jpg,8,8,Vrai,8
424d624a79.jpg,2,5,Faux,5
4291a46303.jpg,3,1,Faux,1
42a0da06b7.jpg,2,1,Faux,1
4359d7bf90.jpg,3,2,Faux,1
43de9c935d.jpg,1,0,Faux,0
444107b8c9.jpg,14,0,Faux,0
4464e8c6c9.jpg,1,0,Faux,0
44cf53bcde.jpg,16,0,Faux,0
44e195e1ef.jpg,8,0,Faux,0
46076bb5d5.jpg,5,0,Faux,0
47b061170d.jpg,8,1,Faux,1
48fa79d7ae.jpg,8,0,Faux,0
49fd927d4c.jpg,5,0,Faux,0
4a1315d458.jpg,2,2,Vrai,1
4a4bd0f725.jpg,40,0,Faux,0
4ba1b09981.jpg,2,3,Faux,3
4c0fee8a9c.jpg,16,15,Faux,15
4ca15155e9.jpg,2,1,Faux,1
4e47138c7e.jpg,6,1,Faux,1
4e95f6db6a.jpg,24,10,Faux,1
4e9e203a40.jpg,9,1,Faux,1
4fe02e46cb.jpg,2,1,Faux,1
50797d435f.jpg,34,20,Faux,20
50e7fe98b7.jpg,35,0,Faux,0
5189314af4.jpg,2,2,Vrai,1
563563f749.jpg,5,2,Faux,1
566b1031a8.jpg,20,0,Faux,0
569a5a3984.jpg,1,1,Vrai,1
5ab456ac02.jpg,11,0,Faux,0
5b7a05e3dd.jpg,7,1,Faux,1
5d6b82679d.jpg,4,2,Faux,1
5edc210162.jpg,3,3,Vrai,3
5f8a04cee8.jpg,7,0,Faux,0
609e94b29b.jpg,16,6,Faux,6
60fc6231cd.jpg,5,4,Faux,1
612e80df45.jpg,7,4,Faux,4
61958bd2dd.jpg,5,3,Faux,3
670dc0a72f.jpg,2,0,Faux,0
681165d9f1.jpg,4,0,Faux,0
6bf1678fa3.jpg,2,1,Faux,1
6bf4f833a4.jpg,8,3,Faux,1
6c8ccc2bdc.jpg,2,45,Faux,45
6d2e7e9448.jpg,9,0,Faux,0
6d4d37ae2c.jpg,5,1,Faux,1
6da8539078.jpg,5,5,Vrai,1
6dc3173bf2.jpg,8,5,Faux,2
716dcf2d66.jpg,3,2,Faux,2
7262427976.jpg,1,4,Faux,4
72d0dbe5f5.jpg,34,2,Faux,2
766f507935.jpg,16,0,Faux,0
767455e3f9.jpg,2,2,Vrai,2
7779953784.jpg,2,1,Faux,1
782058a969.jpg,5,0,Faux,0
79eb826b40.jpg,24,0,Faux,0
7c13cfe7f1.jpg,1,1,Vrai,1
7c3720e174.jpg,7,1,Faux,1
7c7942b825.jpg,8,0,Faux,0
7ce16206bb.jpg,8,0,Faux,0
7e122f5d1f.jpg,8,0,Faux,0
827d23c09e.jpg,8,8,Vrai,8
85db729dc0.jpg,16,15,Faux,15
85e4b42fb6.jpg,8,0,Faux,0
8605748432.jpg,20,0,Faux,0
868bb275c3.jpg,8,0,Faux,0
87a1c3b8af.jpg,5,1,Faux,1
87f4bed37f.jpg,2,1,Faux,1
898beeed4c.jpg,1,1,Vrai,1
8c7c691333.jpg,1,1,Vrai,1
8e89dfa19b.jpg,6,0,Faux,0
9082197e8c.jpg,1,1,Vrai,1
908f1fc748.jpg,1,1,Vrai,1
91851d8baa.jpg,1,1,Vrai,1
94b5bdb199.jpg,4,1,Faux,1
962d332c3c.jpg,6,6,Vrai,6
97868f7555.jpg,5,2,Faux,1
97e6af6151.jpg,7,1,Faux,1
980bc77535.jpg,3,0,Faux,0
98e915fe15.jpg,2,6,Faux,6
990db901a0.jpg,34,0,Faux,0
9981524f15.jpg,1,1,Vrai,1
9ab6493bdc.jpg,2,3,Faux,3
9b1df4ab21.jpg,2,2,Vrai,1
9bdccee820.jpg,8,0,Faux,0
9d2dea7b8f.jpg,9,0,Faux,0
9e575d70ea.jpg,3,9,Faux,9
9ef3898d38.jpg,4,2,Faux,1
a15f18c804.jpg,7,0,Faux,0
a188d78b85.jpg,5,2,Faux,1
a19f00a771.jpg,8,3,Faux,1
a1fae3d9ea.jpg,26,0,Faux,0
a5faa8e072.jpg,23,0,Faux,0
a61fb409e8.jpg,1,0,Faux,0
a9515c596b.jpg,20,8,Faux,8
aaf925663f.jpg,5,14,Faux,14
abd33e40b9.jpg,6,0,Faux,0
ad43774456.jpg,2,9,Faux,9
ae2a9d0217.jpg,2,0,Faux,0
afc5895108.jpg,10,3,Faux,3
afed6c9305.jpg,2,1,Faux,1
b05183cf6c.jpg,1,2,Faux,1
b22b3d9c4e.jpg,1,1,Vrai,1
b2ff113277.jpg,3,4,Faux,4
b36a35b1cf.jpg,4,2,Faux,1
b490ad931a.jpg,16,14,Faux,1
b61d911828.jpg,30,1,Faux,1
b65bf338f7.jpg,10,0,Faux,0
bb8b54822f.jpg,4,16,Faux,16
bc673941fb.jpg,6,0,Faux,0
bc6914ff98.jpg,1,1,Vrai,1
bd5e683f30.jpg,6,0,Faux,0
bd7c825ab5.jpg,2,3,Faux,1
bdddd66dc5.jpg,8,12,Faux,12
be037b359a.jpg,26,9,Faux,9
c0ac04a0cf.jpg,1,1,Vrai,1
c13910bc18.jpg,2,2,Vrai,1
c1a9fbb8bc.jpg,7,1,Faux,1
c20d83cdfe.jpg,1,2,Faux,2
c2d0445950.jpg,2,2,Vrai,1
c36182ac9a.jpg,4,2,Faux,1
c3ddc33f41.jpg,2,0,Faux,0
c45fe65ea2.jpg,1,2,Faux,1
c61640a9c1.jpg,8,15,Faux,15
c99b8f0e24.jpg,14,11,Faux,8
cb1e6a6967.jpg,8,0,Faux,0
cb4769d1a9.jpg,24,0,Faux,0
cf0943d302.jpg,1,4,Faux,4
d0a3c1f8d3.jpg,9,0,Faux,0
d339767881.jpg,2,1,Faux,1
d3a549a4ac.jpg,1,0,Faux,0
d4a5b2ad56.jpg,8,0,Faux,0
d603d1e7e2.jpg,16,0,Faux,0
d7416e5a02.jpg,1,4,Faux,4
d74bf34efc.jpg,35,0,Faux,0
d87fde36bf.jpg,8,2,Faux,1
d8e50e61e9.jpg,8,0,Faux,0
dc76e7bc74.jpg,9,1,Faux,1
e036bb9f36.jpg,1,1,Vrai,1
e458d60056.jpg,1,1,Vrai,1
e464aa2ba3.jpg,6,0,Faux,0
e48a9d76fa.jpg,1,2,Faux,2
e5498c038d.jpg,12,0,Faux,0
e56270ad8e.jpg,1,1,Vrai,1
e58d420bba.jpg,1,1,Vrai,1
e7047cebbb.jpg,5,16,Faux,16
e87b700514.jpg,23,13,Faux,13
e893dcbca8.jpg,4,4,Vrai,1
e982d8d424.jpg,2,1,Faux,1
ea2f399c2c.jpg,12,0,Faux,0
ecb30e89ac.jpg,10,1,Faux,1
ecf7752465.jpg,1,1,Vrai,1
f14da4ee62.jpg,4,2,Faux,1
f35a790bd0.jpg,14,5,Faux,5
f5fd0e7e9b.jpg,12,1,Faux,1
f8101d6dd1.jpg,5,1,Faux,1
f8b6b6d100.jpg,4,2,Faux,2
f8cc6f7201.jpg,5,0,Faux,0
fa5950f31e.jpg,1,0,Faux,0
02e699f79d.jpg,1,0,Faux,0
04a8138ea5.jpg,2,0,Faux,0
063bece950.jpg,6,1,Faux,1
0652e0440f.jpg,3,1,Faux,1
06da1e60cc.jpg,2,1,Faux,1
07ceece621.jpg,1,2,Faux,1
0871f059de.jpg,2,2,Vrai,1
08d2b6eda9.jpg,19,0,Faux,0
09538b2334.jpg,1,1,Vrai,1
0d0ac3a88a.jpg,16,0,Faux,0
0e718de582.jpg,7,1,Faux,1
0ee766febf.jpg,1,1,Vrai,1
1175dc22b9.jpg,18,0,Faux,0
125162ad58.jpg,2,1,Faux,1
12582fe8f1.jpg,8,0,Faux,0
12cacddb04.jpg,16,0,Faux,0
143e98adb1.jpg,2,4,Faux,1
1747d2af5a.jpg,6,2,Faux,1
1950b241a8.jpg,1,1,Vrai,1
1acabdc3c1.jpg,1,3,Faux,1
1b53e51ae8.jpg,1,1,Vrai,1
1da0bb4e1c.jpg,9,0,Faux,0
1eff34a51a.jpg,2,1,Faux,1
208133d902.jpg,5,0,Faux,0
227130705a.jpg,2,0,Faux,0
23bc51081c.jpg,7,16,Faux,16
2413c6b7c1.jpg,2,0,Faux,0
24bc5f6e9f.jpg,3,15,Faux,15
2773217ea5.jpg,2,0,Faux,0
292ab178e0.jpg,9,9,Vrai,9
2c1e478f4f.jpg,2,8,Faux,8
2e9f5856fe.jpg,2,1,Faux,1
2ed1c4e5ab.jpg,2,3,Faux,3
2f671c984f.jpg,2,0,Faux,0
30824c01c0.jpg,1,1,Vrai,1
319c68de53.jpg,49,0,Faux,0
32902465b4.jpg,2,2,Vrai,1
332dd30533.jpg,1,2,Faux,2
33f92a7c9a.jpg,2,2,Vrai,1
351727081d.jpg,2,0,Faux,0
35725ca007.jpg,2,1,Faux,1
3636f26c6e.jpg,2,0,Faux,0
366afbecee.jpg,2,10,Faux,9
38427303fa.jpg,3,10,Faux,10
3860162c9e.jpg,1,1,Vrai,1
388d452d4d.jpg,4,2,Faux,2
3911c0ca2f.jpg,1,2,Faux,2
3c07d2187c.jpg,1,1,Vrai,1
3cbd0cd971.jpg,1,0,Faux,0
3e18a35d79.jpg,1,1,Vrai,1
3e8ad3f0ec.jpg,1,1,Vrai,1
41c06915ee.jpg,5,4,Faux,4
43a864822a.jpg,2,2,Vrai,1
4740a8da05.jpg,16,0,Faux,0
474630071b.jpg,6,0,Faux,0
485ea6d538.jpg,2,2,Vrai,1
4a0718547a.jpg,1,1,Vrai,1
4ac89e7716.jpg,2,1,Faux,1
4d2034bf07.jpg,2,0,Faux,0
4ea723e6ff.jpg,2,0,Faux,0
4ec657dc62.jpg,1,0,Faux,0
4edb61a2ec.jpg,6,0,Faux,0
5469ba21b8.jpg,2,1,Faux,1
57887a8ad3.jpg,1,1,Vrai,1
57c436585d.jpg,2,1,Faux,1
57e8cf92e6.jpg,1,1,Vrai,1
5894b2ca14.jpg,4,0,Faux,0
58c221aed6.jpg,2,1,Faux,1
59d46de1dc.jpg,1,1,Vrai,1
5c7495d3ca.jpg,2,2,Vrai,1
5d77678548.jpg,6,18,Faux,18
5db3d508da.jpg,1,1,Vrai,1
5e0d26b26a.jpg,1,1,Vrai,1
5e4d27082b.jpg,7,0,Faux,0
5fa89151aa.jpg,1,5,Faux,1
61bba65828.jpg,1,4,Faux,1
64fd5f818e.jpg,1,11,Faux,11
68af551064.jpg,1,0,Faux,0
68e8937afd.jpg,2,0,Faux,0
6a5cbbe466.jpg,2,1,Faux,1
6b8399d4e5.jpg,2,2,Vrai,1
6b8c2b21c0.jpg,3,1,Faux,1
6df4492ed9.jpg,1,1,Vrai,1
6f58f116fe.jpg,1,1,Vrai,1
7689a78845.jpg,4,4,Vrai,1
7867fe26a2.jpg,1,1,Vrai,1
7b0a11f226.jpg,2,0,Faux,0
7bfa2573b2.jpg,1,3,Faux,1
7d4847e142.jpg,1,1,Vrai,1
7dc2f1ef79.jpg,8,0,Faux,0
7e3aab75a5.jpg,2,1,Faux,1
7ea2d9c5ee.jpg,2,4,Faux,4
7f19658cb5.jpg,2,0,Faux,0
800af58787.jpg,1,0,Faux,0
8177a8bbbc.jpg,8,0,Faux,0
821697aab4.jpg,2,0,Faux,0
82ace919e3.jpg,2,1,Faux,1
8727a19438.jpg,9,0,Faux,0
8a150b4bb6.jpg,2,2,Vrai,1
8b85da2bab.jpg,2,0,Faux,0
8c4e113edf.jpg,1,0,Faux,0
8f490a1cb2.jpg,2,0,Faux,0
93eebadc76.jpg,5,5,Vrai,5
9409e3b084.jpg,1,3,Faux,2
9936d5f749.jpg,9,0,Faux,0
9975a579df.jpg,1,1,Vrai,1
9aa6ef2960.jpg,4,0,Faux,0
9ca0f7f4e0.jpg,15,0,Faux,0
9ce19a1427.jpg,8,3,Faux,1
9f6f222c39.jpg,1,1,Vrai,1
9fac954aa3.jpg,1,4,Faux,1
a0d4e8c1e9.jpg,1,3,Faux,1
a27ca1645f.jpg,2,2,Vrai,1
a3a56142e2.jpg,2,2,Vrai,1
a3afa648bb.jpg,2,0,Faux,0
a4c0e40756.jpg,8,0,Faux,0
a5c303f31d.jpg,2,2,Vrai,2
a6453129da.jpg,3,0,Faux,0
a7e7f987fc.jpg,7,2,Faux,1
a8d3f3a595.jpg,2,1,Faux,1
a9565e78a0.jpg,6,2,Faux,2
aab9a625c4.jpg,1,1,Vrai,1
aaeb6a019c.jpg,2,1,Faux,1
ad17e4b2ab.jpg,3,1,Faux,1
ad4249fee4.jpg,2,2,Vrai,1
ad4356b692.jpg,1,1,Vrai,1
ad447361a9.jpg,5,0,Faux,0
af5d14b25e.jpg,2,0,Faux,0
b060c5f004.jpg,1,2,Faux,1
b098debff0.jpg,3,1,Faux,1
b341aa5276.jpg,6,2,Faux,1
b545285cad.jpg,21,0,Faux,0
b548346734.jpg,4,7,Faux,7
b63e7b4535.jpg,2,1,Faux,1
b72e5fc7c9.jpg,21,0,Faux,0
b878cfb624.jpg,1,0,Faux,0
b8ecfd72d9.jpg,2,4,Faux,4
ba61d4837d.jpg,1,1,Vrai,1
baacfff666.jpg,1,2,Faux,2
bdbe11a5e4.jpg,2,1,Faux,1
bde8ab72d6.jpg,2,2,Vrai,1
be073a7bce.jpg,2,42,Faux,42
c09fcda175.jpg,2,2,Vrai,1
c369861356.jpg,1,2,Faux,1
c676cf0fbd.jpg,5,0,Faux,0
c6e4d2fe2a.jpg,3,1,Faux,1
c70fcbbcdf.jpg,1,1,Vrai,1
c7b5b21039.jpg,10,0,Faux,0
c8449b8233.jpg,1,0,Faux,0
c8d78bfbf8.jpg,8,0,Faux,0
c9f4867930.jpg,10,0,Faux,0
ca2e2cbe03.jpg,2,2,Vrai,1
cb18e4d40f.jpg,1,1,Vrai,1
cbc82699fb.jpg,10,0,Faux,0
ce20bfdf54.jpg,9,3,Faux,1
ceee6d3d6b.jpg,3,0,Faux,0
cf5e1b646f.jpg,1,1,Vrai,1
d06b667677.jpg,4,1,Faux,1
d22d3b86fb.jpg,12,2,Faux,1
d2826b0621.jpg,1,3,Faux,3
d2ead151fe.jpg,8,2,Faux,1
d33cc1f754.jpg,1,2,Faux,2
d5dafe49a4.jpg,1,1,Vrai,1
d65f9cda42.jpg,2,2,Vrai,1
d6fc31e378.jpg,1,4,Faux,1
d70ec53e95.jpg,16,0,Faux,0
d9680d927b.jpg,6,1,Faux,1
d9999028d4.jpg,1,1,Vrai,1
da5998309f.jpg,1,0,Faux,0
db15b2c8d8.jpg,1,1,Vrai,1
dce60ddc91.jpg,6,2,Faux,2
dde5b786d0.jpg,1,3,Faux,1
df7dd61872.jpg,5,0,Faux,0
e06fa59b89.jpg,2,2,Vrai,1
e078be6624.jpg,6,5,Faux,5
e1c229607f.jpg,1,1,Vrai,1
e3d32c95bf.jpg,2,2,Vrai,1
e42293fefb.jpg,6,1,Faux,1
e5214c6883.jpg,2,1,Faux,1
e65a8ba771.jpg,9,2,Faux,2
e7355ec38d.jpg,2,0,Faux,0
e80bfdd799.jpg,6,2,Faux,1
e8bc6cdd77.jpg,1,1,Vrai,1
e8e593aaf7.jpg,49,1,Faux,1
ed913853c6.jpg,6,0,Faux,0
ee12218dbf.jpg,2,0,Faux,0
ee3474e6bf.jpg,2,2,Vrai,1
eeddd06ffd.jpg,2,1,Faux,1
efa6633bcb.jpg,1,1,Vrai,1
f0b4a1ae35.jpg,1,1,Vrai,1
f14b57029f.jpg,1,1,Vrai,1
f17fb74818.jpg,1,1,Vrai,1
f1ea00e156.jpg,5,16,Faux,16
f258182de9.jpg,6,0,Faux,0
f2595d8215.jpg,1,1,Vrai,1
f3648f78ff.jpg,1,0,Faux,0
f40e58aa3d.jpg,1,1,Vrai,1
f4132c3195.jpg,3,5,Faux,5
f47ea6bddc.jpg,2,1,Faux,1
f560ce419a.jpg,21,0,Faux,0
f5cf4a56ea.jpg,3,1,Faux,1
f687c34368.jpg,4,2,Faux,1
f8acdd9a70.jpg,9,0,Faux,0
f8b98b3770.jpg,1,1,Vrai,1
f9f8bf3d0c.jpg,1,1,Vrai,1
fa9c3936ca.jpg,3,0,Faux,0
fc2742e40a.jpg,3,1,Faux,1
fc9f88fcae.jpg,1,1,Vrai,1
fcbd323006.jpg,3,3,Vrai,3
fff51a7712.jpg,2,1,Faux,1
0017c3b0e6.jpg,2,0,Faux,0
016bad69c2.jpg,1,0,Faux,0
01cf2502d5.jpg,2,5,Faux,5
023a9c7804.jpg,1,2,Faux,2
026b6bf6ed.jpg,8,0,Faux,0
03b9ef036d.jpg,6,4,Faux,1
0449a7f119.jpg,8,6,Faux,1
0474cca2ab.jpg,1,1,Vrai,1
048646a4b1.jpg,1,1,Vrai,1
04fb6c4fed.jpg,8,0,Faux,0
08239ad715.jpg,8,0,Faux,0
0a030b6c5a.jpg,1,1,Vrai,1
0a3ee5dced.jpg,2,0,Faux,0
0af89feef6.jpg,1,2,Faux,2
0bececd88b.jpg,8,0,Faux,0
0d51d01a3a.jpg,1,1,Vrai,1
0dc711d21f.jpg,1,1,Vrai,1
0dfe9d8acd.jpg,1,1,Vrai,1
0e30187668.jpg,8,0,Faux,0
0fb0786654.jpg,27,0,Faux,0
104375946f.jpg,23,0,Faux,0
106a4659be.jpg,1,1,Vrai,1
11670a5c4e.jpg,8,2,Faux,1
1589adc838.jpg,8,3,Faux,1
174dd15a12.jpg,16,2,Faux,1
17879eacc8.jpg,1,0,Faux,0
1d54ab4349.jpg,1,1,Vrai,1
1ebcf2e154.jpg,1,1,Vrai,1
1ee845b9ba.jpg,8,0,Faux,0
2082a2953f.jpg,16,0,Faux,0
20ebfe0b4b.jpg,2,73,Faux,73
21284b053f.jpg,1,1,Vrai,1
227865fbd5.jpg,8,8,Vrai,1
26d34d1fe4.jpg,11,0,Faux,0
2712332a36.jpg,26,0,Faux,0
27458f671e.jpg,8,6,Faux,4
274b6c1544.jpg,1,3,Faux,3
284a779c11.jpg,1,1,Vrai,1
295da09780.jpg,3,1,Faux,1
2a2f37b5b7.jpg,5,0,Faux,0
2cdf2aafaa.jpg,2,1,Faux,1
2d0f6aab12.jpg,1,3,Faux,3
2df30cff89.jpg,8,0,Faux,0
2e42a8a028.jpg,3,1,Faux,1
2f1a258c63.jpg,2,0,Faux,0
2f20e6f6a3.jpg,9,0,Faux,0
2fadfde717.jpg,3,0,Faux,0
35a1c45ae0.jpg,9,0,Faux,0
37abd5b122.jpg,8,0,Faux,0
387e8acaae.jpg,1,1,Vrai,1
38f5053be4.jpg,8,8,Vrai,8
3a16ee60d1.jpg,3,2,Faux,1
3cef209534.jpg,1,1,Vrai,1
3d8d27bd59.jpg,8,3,Faux,3
3e5f22cfa7.jpg,1,1,Vrai,1
3f32a19322.jpg,2,0,Faux,0
3faaad8493.jpg,2,1,Faux,1
40798eb414.jpg,8,0,Faux,0
43be1b59b6.jpg,1,1,Vrai,1
44d7a5a16f.jpg,2,0,Faux,0
474a157295.jpg,1,0,Faux,0
47808cb23d.jpg,39,0,Faux,0
48e4da63c8.jpg,1,1,Vrai,1
4aee2ba29c.jpg,8,0,Faux,0
4b5ac94af2.jpg,1,1,Vrai,1
4dc75f545a.jpg,1,1,Vrai,1
4dd74a46b9.jpg,2,0,Faux,0
4dfdb85e6c.jpg,1,0,Faux,0
4fa60b1343.jpg,10,1,Faux,1
514aa4b868.jpg,1,0,Faux,0
5346a5a991.jpg,7,7,Vrai,7
53cee6eabd.jpg,1,1,Vrai,1
5489ec1fb5.jpg,1,0,Faux,0
557dc9082e.jpg,5,0,Faux,0
56063bf99f.jpg,2,0,Faux,0
5900a5dd22.jpg,1,3,Faux,1
59cd7eac39.jpg,3,3,Vrai,3
5bdac203cf.jpg,1,0,Faux,0
605f002373.jpg,8,8,Vrai,8
61236109ef.jpg,8,2,Faux,1
617ce75a74.jpg,1,1,Vrai,1
6244ebd2a6.jpg,1,0,Faux,0
625ce723b7.jpg,6,1,Faux,1
6511355229.jpg,1,1,Vrai,1
65df499473.jpg,2,0,Faux,0
661fb432d8.jpg,2,2,Vrai,1
669b6b8221.jpg,2,0,Faux,0
66bbd666dc.jpg,8,8,Vrai,8
67a2b8babd.jpg,2,2,Vrai,1
6b14ae12fd.jpg,5,31,Faux,31
6c5115967d.jpg,1,2,Faux,1
6d65516fa2.jpg,16,1,Faux,1
6e1ffaa89f.jpg,2,2,Vrai,1
6fc012853d.jpg,1,11,Faux,11
6fcdb71ce8.jpg,2,0,Faux,0
704ddd18c6.jpg,1,0,Faux,0
70eb01116a.jpg,1,0,Faux,0
7281fdb743.jpg,8,3,Faux,1
73c5a8a67e.jpg,1,2,Faux,1
740ead22ad.jpg,11,1,Faux,1
74b386424e.jpg,4,3,Faux,3
76f525973a.jpg,1,1,Vrai,1
78b48c757b.jpg,8,0,Faux,0
7a5389d5f6.jpg,1,7,Faux,7
7b645a97ae.jpg,18,11,Faux,11
7b9a802511.jpg,3,2,Faux,2
7cd846ace8.jpg,16,1,Faux,1
7d87a3263f.jpg,10,6,Faux,6
7e1cb4e9f7.jpg,1,0,Faux,0
7ebe8e9cf1.jpg,8,1,Faux,1
7f9dd7c082.jpg,16,0,Faux,0
8110882838.jpg,8,0,Faux,0
81781e538c.jpg,16,10,Faux,1
81df542fcf.jpg,2,8,Faux,8
82abf4f0cf.jpg,8,2,Faux,2
82cf6b4cc7.jpg,36,0,Faux,0
87616b0677.jpg,1,1,Vrai,1
8791cf7e7b.jpg,8,0,Faux,0
895ca34285.jpg,3,1,Faux,1
8a563f72c9.jpg,1,1,Vrai,1
8aa7031929.jpg,1,1,Vrai,1
8b1c21c16d.jpg,8,0,Faux,0
8de3e31598.jpg,4,0,Faux,0
8f8a4cc0e0.jpg,1,1,Vrai,1
9012e0cfab.jpg,16,0,Faux,0
9153613467.jpg,1,1,Vrai,1
91c23b8603.jpg,16,16,Vrai,1
9318896c0e.jpg,8,8,Vrai,4
94ab346047.jpg,8,0,Faux,0
953f946a75.jpg,5,2,Faux,1
964db0034b.jpg,4,0,Faux,0
969f9d387e.jpg,10,0,Faux,0
979972ef4b.jpg,2,1,Faux,1
984512355e.jpg,8,6,Faux,6
984bf7c337.jpg,2,1,Faux,1
984c5c1d65.jpg,2,4,Faux,4
9886144124.jpg,1,1,Vrai,1
9b591d7d12.jpg,10,10,Vrai,1
9ccd8109eb.jpg,1,1,Vrai,1
a1bb0d205a.jpg,8,1,Faux,1
a36be81d4b.jpg,1,0,Faux,0
a4f07889a9.jpg,2,0,Faux,0
a6fae6992c.jpg,8,0,Faux,0
a8e7c7a5a0.jpg,8,0,Faux,0
ab19a4320a.jpg,3,1,Faux,1
abc8d5a860.jpg,8,0,Faux,0
ae2f8ba972.jpg,3,2,Faux,2
aeac0ceaf6.jpg,4,0,Faux,0
aee6c8e699.jpg,2,0,Faux,0
affc660e09.jpg,3,1,Faux,1
b11e29c167.jpg,8,5,Faux,5
b16d25d0f8.jpg,2,2,Vrai,1
b3939358e4.jpg,2,1,Faux,1
b3f185cadd.jpg,8,2,Faux,1
b487770510.jpg,1,0,Faux,0
b54ce1f3de.jpg,6,9,Faux,9
b62375858b.jpg,16,13,Faux,13
b8dc6fd870.jpg,1,1,Vrai,1
b91eb1a310.jpg,2,0,Faux,0
b949c3fb90.jpg,1,1,Vrai,1
bb0bdcd84d.jpg,3,3,Vrai,1
bbcf703dd5.jpg,1,1,Vrai,1
bc0855f439.jpg,1,1,Vrai,1
bc4a18ff1f.jpg,3,2,Faux,1
bef8afa7af.jpg,6,1,Faux,1
c086d0fe16.jpg,2,3,Faux,3
c0bd7b83a4.jpg,2,8,Faux,8
c25be2222d.jpg,12,12,Vrai,12
c3bdd9fe03.jpg,2,2,Vrai,1
c3be73016e.jpg,1,1,Vrai,1
c563ef6cdd.jpg,1,0,Faux,0
c5cf6a5c34.jpg,8,0,Faux,0
c6484e1b02.jpg,2,2,Vrai,2
c68b8697d4.jpg,9,20,Faux,20
c6ff757750.jpg,10,0,Faux,0
c7211edf6c.jpg,1,1,Vrai,1
c9b204ae4f.jpg,1,0,Faux,0
caacb13741.jpg,1,1,Vrai,1
cb3e4b105c.jpg,1,1,Vrai,1
cbb8677846.jpg,12,1,Faux,1
cd01890f6d.jpg,1,2,Faux,2
cd3057d705.jpg,1,1,Vrai,1
cdb414f9d4.jpg,8,0,Faux,0
cea64212c1.jpg,2,1,Faux,1
cffb6c6a2a.jpg,4,2,Faux,1
d1fc6b23e9.jpg,2,0,Faux,0
d22531cbc0.jpg,1,0,Faux,0
d5381d6c9c.jpg,11,13,Faux,13
d95ed4083d.jpg,8,5,Faux,4
da11147310.jpg,2,0,Faux,0
dbc661538d.jpg,8,0,Faux,0
dc372bda0c.jpg,1,1,Vrai,1
dc9f28d4dc.jpg,1,1,Vrai,1
dde120d0f3.jpg,8,4,Faux,2
defe0c372f.jpg,2,2,Vrai,1
df18c3f97a.jpg,1,1,Vrai,1
df63632db9.jpg,1,0,Faux,0
dfd7bd3f2e.jpg,1,1,Vrai,1
e29dbcfa9a.jpg,4,3,Faux,3
e2a5faebc0.jpg,5,4,Faux,4
e2b708fa1a.jpg,2,0,Faux,0
e3063c7b59.jpg,1,1,Vrai,1
e3558ac6c5.jpg,1,0,Faux,0
e514e16e99.jpg,3,4,Faux,4
e546757803.jpg,2,0,Faux,0
e5913fa2ea.jpg,2,3,Faux,1
e5e9ac7e37.jpg,3,1,Faux,1
eb66218305.jpg,16,8,Faux,8
eba230ec7a.jpg,2,2,Vrai,1
ebbcd5a2c8.jpg,2,4,Faux,4
ed1f1c3d14.jpg,8,3,Faux,1
ee28731997.jpg,8,0,Faux,0
ef0b785d09.jpg,1,1,Vrai,1
f07b3d633d.jpg,2,0,Faux,0
f2f7530040.jpg,102,1,Faux,1
f374b15248.jpg,1,0,Faux,0
f3c81d3d71.jpg,1,1,Vrai,1
f4f9c6fcb5.jpg,1,0,Faux,0
f627dbdd5e.jpg,16,0,Faux,0
f63b6856e5.jpg,1,1,Vrai,1
f63d04a0ec.jpg,23,3,Faux,3
f6a6dd9475.jpg,1,0,Faux,0
f7b6272497.jpg,2,1,Faux,1
f8c8e2d9aa.jpg,1,0,Faux,0
f9eb85647d.jpg,1,0,Faux,0
fb74b7a7d6.jpg,2,1,Faux,1
fb8593d04c.jpg,8,12,Faux,12
fc21d36337.jpg,1,1,Vrai,1
fcf309eac1.jpg,5,4,Faux,1
fd46ecf4bd.jpg,96,0,Faux,0
ff958ed226.jpg,8,1,Faux,1
021c3a3b47.jpg,4,4,Vrai,1
035894a0b4.jpg,4,0,Faux,0
0382b12586.jpg,16,18,Faux,18
047ee0cc29.jpg,1,1,Vrai,1
05f2e89a70.jpg,1,3,Faux,3
06742cbf0c.jpg,8,1,Faux,1
078aaee7f6.jpg,2,2,Vrai,1
086ac3ae3a.jpg,1,0,Faux,0
0ade544ba4.jpg,1,1,Vrai,1
0b3270afd8.jpg,7,0,Faux,0
0d4006daa4.jpg,1,0,Faux,0
0e9ef4cff8.jpg,2,1,Faux,1
0ec550d816.jpg,18,0,Faux,0
105203c1fa.jpg,1,2,Faux,2
10ceb841f5.jpg,1,1,Vrai,1
12691e6810.jpg,5,4,Faux,4
136963fb7a.jpg,1,0,Faux,0
13f2c1dfdf.jpg,14,14,Vrai,1
1417562e39.jpg,2,2,Vrai,1
1480327083.jpg,1,0,Faux,0
15711b4e24.jpg,1,1,Vrai,1
157bb6e850.jpg,32,10,Faux,10
1594ea1ed8.jpg,2,1,Faux,1
15e76610ee.jpg,10,2,Faux,1
162d62e024.jpg,34,0,Faux,0
16ae4f5a08.jpg,3,4,Faux,4
172397185b.jpg,2,1,Faux,1
17969bea5f.jpg,17,12,Faux,12
17da18bd61.jpg,1,1,Vrai,1
19c3d0c935.jpg,2,5,Faux,5
1a01d5b63d.jpg,10,2,Faux,2
1a7b932da6.jpg,1,1,Vrai,1
1c1fc59992.jpg,4,1,Faux,1
1ea5f31105.jpg,1,1,Vrai,1
1ff5b897bb.jpg,2,2,Vrai,1
20b841ebbb.jpg,2,1,Faux,1
22cd8a3f7e.jpg,18,0,Faux,0
232c8dcda3.jpg,5,1,Faux,1
25b604700f.jpg,2,3,Faux,1
2841ae3c77.jpg,1,2,Faux,1
28740b882f.jpg,2,0,Faux,0
2993f8fbec.jpg,16,0,Faux,0
2af6f7e9f6.jpg,4,3,Faux,1
2d1f1f8877.jpg,1,0,Faux,0
34e17c641a.jpg,1,1,Vrai,1
3775ab6b91.jpg,1,1,Vrai,1
3a25266579.jpg,8,6,Faux,6
3a3d630d6a.jpg,16,0,Faux,0
3b10038d77.jpg,4,1,Faux,1
3d4737e9b4.jpg,18,0,Faux,0
3fa08174b0.jpg,5,2,Faux,2
40fd44af07.jpg,2,1,Faux,1
412cf3a73b.jpg,18,14,Faux,14
414caf879b.jpg,6,0,Faux,0
425a36325d.jpg,1,1,Vrai,1
42bab70b6a.jpg,1,1,Vrai,1
44363795b6.jpg,2,2,Vrai,2
443a17b065.jpg,1,0,Faux,0
452ab80e21.jpg,1,3,Faux,3
459f0a2d6e.jpg,1,1,Vrai,1
4842b5f303.jpg,8,0,Faux,0
48dc011cd0.jpg,8,1,Faux,1
49e2aa77e1.jpg,2,5,Faux,5
4a18c1eb4b.jpg,1,1,Vrai,1
4a77e5b52b.jpg,1,2,Faux,1
4c4bb86d69.jpg,2,2,Vrai,1
4dfebea98b.jpg,13,0,Faux,0
4fb267b918.jpg,10,2,Faux,2
50797d435f.jpg,34,20,Faux,20
50c2d6d705.jpg,6,4,Faux,4
561c0108ca.jpg,16,19,Faux,19
570b52d6f3.jpg,5,2,Faux,2
57ced878ff.jpg,4,0,Faux,0
586763341c.jpg,2,2,Vrai,1
594019de84.jpg,6,1,Faux,1
598bca2737.jpg,24,0,Faux,0
5a5bc5bf7c.jpg,2,1,Faux,1
61c87eead2.jpg,4,4,Vrai,4
630daf0421.jpg,2,1,Faux,1
63f9036b39.jpg,24,14,Faux,14
6447c89e59.jpg,1,1,Vrai,1
66d423deb6.jpg,2,2,Vrai,2
66f5173202.jpg,1,3,Faux,3
693c668f7a.jpg,1,1,Vrai,1
698f85fc00.jpg,10,8,Faux,1
6c631c45a6.jpg,2,2,Vrai,1
6c8ccc2bdc.jpg,2,45,Faux,45
6da8539078.jpg,5,5,Vrai,1
6e069dcbca.jpg,6,1,Faux,1
6f19fc67f9.jpg,10,10,Vrai,10
6fe09bf38f.jpg,10,0,Faux,0
70a3f30798.jpg,13,0,Faux,0
70b921d69e.jpg,2,3,Faux,1
72289e6488.jpg,1,1,Vrai,1
7234e2c3f7.jpg,29,1,Faux,1
74bd09ba9c.jpg,24,4,Faux,1
75f86edf64.jpg,5,2,Faux,1
767e663a8d.jpg,20,21,Faux,21
76b061ea7b.jpg,2,2,Vrai,1
7bc5d3c074.jpg,8,1,Faux,1
7c764fe45c.jpg,2,1,Faux,1
804eb6542a.jpg,10,3,Faux,3
8192dea1a3.jpg,1,1,Vrai,1
8261b7b5fe.jpg,6,7,Faux,7
83534d6ef5.jpg,2,2,Vrai,1
8458667db4.jpg,9,6,Faux,6
855a6d9304.jpg,18,0,Faux,0
8590d24357.jpg,1,0,Faux,0
85db729dc0.jpg,16,15,Faux,15
860522d99d.jpg,1,1,Vrai,1
86c2457cf4.jpg,4,1,Faux,1
87a53bcaa2.jpg,1,4,Faux,1
8874cf66b0.jpg,12,1,Faux,1
887705c685.jpg,1,2,Faux,2
8d4c55ac86.jpg,2,2,Vrai,1
8f5fcba1e0.jpg,13,1,Faux,1
916825e701.jpg,13,0,Faux,0
91e83a53ca.jpg,18,0,Faux,0
91f378e89c.jpg,2,1,Faux,1
9293f71455.jpg,2,0,Faux,0
939e9507f7.jpg,6,4,Faux,4
94ee21f982.jpg,2,1,Faux,1
95874faa74.jpg,4,1,Faux,1
95a153ed47.jpg,1,1,Vrai,1
95a155ca19.jpg,1,2,Faux,2
95d8ad5e52.jpg,1,1,Vrai,1
96e18862f6.jpg,18,0,Faux,0
96ef4a2baf.jpg,1,1,Vrai,1
97d1fda139.jpg,12,6,Faux,6
980bc77535.jpg,3,0,Faux,0
982f3231be.jpg,1,2,Faux,1
988e13d62f.jpg,2,1,Faux,1
99c4a4e23f.jpg,8,3,Faux,3
9ab2063425.jpg,1,1,Vrai,1
9afbc406cb.jpg,2,2,Vrai,1
9c0b6f75fe.jpg,21,0,Faux,0
9f842daf5a.jpg,12,0,Faux,0
a0fa07ce56.jpg,3,0,Faux,0
a13251065f.jpg,4,4,Vrai,1
a1fae3d9ea.jpg,26,0,Faux,0
a2a8bf1d72.jpg,8,1,Faux,1
a31ee22c9d.jpg,1,8,Faux,8
a4af3947fc.jpg,1,1,Vrai,1
a57ec6c2ef.jpg,5,1,Faux,1
a585573ce9.jpg,18,11,Faux,3
a59230ef5b.jpg,23,0,Faux,0
a7fcca49c4.jpg,1,1,Vrai,1
a810007878.jpg,2,2,Vrai,1
a879e697d1.jpg,16,15,Faux,15
ab772bd209.jpg,21,13,Faux,13
acb7a41601.jpg,1,2,Faux,2
acf778133f.jpg,1,1,Vrai,1
af6072b73e.jpg,4,3,Faux,1
b172dc4655.jpg,4,16,Faux,16
b19f0410ae.jpg,16,0,Faux,0
b2b0e37a1b.jpg,1,1,Vrai,1
b2d20bb7a7.jpg,6,0,Faux,0
b2ff113277.jpg,3,4,Faux,4
b402eb5236.jpg,1,8,Faux,8
b47e7995b1.jpg,17,0,Faux,0
b4e8a70758.jpg,1,4,Faux,4
b75b26403f.jpg,20,1,Faux,1
b7a84e20f6.jpg,12,12,Vrai,12
b7cd0d607c.jpg,3,2,Faux,1
b998d39ce6.jpg,1,1,Vrai,1
bc0d47a86c.jpg,1,1,Vrai,1
bc9f23081e.jpg,8,2,Faux,2
bd42aaf8a7.jpg,1,1,Vrai,1
bd73b9a957.jpg,1,1,Vrai,1
be037b359a.jpg,26,9,Faux,9
be274debd7.jpg,17,3,Faux,3
be7d24b8d4.jpg,1,4,Faux,4
beda23e801.jpg,1,2,Faux,1
c28327c953.jpg,16,0,Faux,0
c42f36de69.jpg,2,0,Faux,0
c45fe65ea2.jpg,1,2,Faux,1
c8712c2c8d.jpg,24,0,Faux,0
ca6b31ec93.jpg,1,1,Vrai,1
cd3c547b55.jpg,5,3,Faux,1
cd4894b02c.jpg,1,2,Faux,1
ce2ceddbd7.jpg,1,1,Vrai,1
cf600fc42a.jpg,1,0,Faux,0
d14e3c74d8.jpg,1,1,Vrai,1
d3a549a4ac.jpg,1,0,Faux,0
d477f58eb4.jpg,1,2,Faux,2
d5276b3a80.jpg,4,1,Faux,1
d55b182038.jpg,1,1,Vrai,1
d5d11545c4.jpg,10,10,Vrai,10
d619a142b8.jpg,1,1,Vrai,1
d9eb2a060c.jpg,29,1,Faux,1
dd469b26ec.jpg,1,1,Vrai,1
dee37df938.jpg,4,6,Faux,6
defd696423.jpg,2,0,Faux,0
e099af3e16.jpg,2,1,Faux,1
e0ddbd63db.jpg,1,1,Vrai,1
e1b6045d2a.jpg,8,3,Faux,3
e311827f78.jpg,1,1,Vrai,1
e3c52e2789.jpg,2,5,Faux,5
e4ddd70fc7.jpg,1,0,Faux,0
e58d420bba.jpg,1,1,Vrai,1
e5fc4d83a1.jpg,1,27,Faux,27
e700c21c92.jpg,2,2,Vrai,1
e71f45171e.jpg,2,2,Vrai,1
ecb30e89ac.jpg,10,1,Faux,1
edc9271555.jpg,17,0,Faux,0
ee751a88fd.jpg,1,1,Vrai,1
eed33b1451.jpg,1,1,Vrai,1
f3035e00dd.jpg,2,2,Vrai,1
f44f8f383c.jpg,1,0,Faux,0
f4869667c1.jpg,4,1,Faux,1
f4c3cc518a.jpg,2,2,Vrai,1
f55966556e.jpg,10,1,Faux,1
f671cfbcc5.jpg,16,16,Vrai,16
f8192fb98a.jpg,7,8,Faux,8
f88bad54b1.jpg,1,2,Faux,2
f8b885cd3d.jpg,27,11,Faux,11
f8d077d6cc.jpg,2,7,Faux,7
fa6cf5fff5.jpg,5,7,Faux,7
fb5d96bbe4.jpg,1,1,Vrai,1
fd8e81d362.jpg,10,17,Faux,17
00732eb02f.jpg,1,0,Faux,0
021c452f71.jpg,1,1,Vrai,1
05f9928de4.jpg,1,0,Faux,0
0605bf8c6a.jpg,5,2,Faux,2
06f933e84d.jpg,2,1,Faux,1
0c0ea30f84.jpg,6,2,Faux,1
0e1e77c1f7.jpg,10,0,Faux,0
0f1cb59bc0.jpg,1,1,Vrai,1
1056ba9959.jpg,12,1,Faux,1
1100b0c63f.jpg,2,2,Vrai,1
12fab03c12.jpg,3,1,Faux,1
13baec6607.jpg,1,0,Faux,0
13e92cac7b.jpg,6,4,Faux,4
14641abdc0.jpg,2,2,Vrai,1
158a65eb45.jpg,3,2,Faux,1
16257f005f.jpg,2,17,Faux,17
162ed89d78.jpg,4,1,Faux,1
169b3b05b2.jpg,2,3,Faux,3
184e3efca8.jpg,1,2,Faux,2
18e5daff24.jpg,4,4,Vrai,1
1d7399cc90.jpg,2,1,Faux,1
1e4b936e3a.jpg,14,0,Faux,0
2176eb5658.jpg,4,0,Faux,0
221321b870.jpg,16,3,Faux,1
243838442c.jpg,1,1,Vrai,1
29d9c057db.jpg,6,0,Faux,0
2a5edf5b8f.jpg,2,6,Faux,6
2c6f01e113.jpg,1,1,Vrai,1
2c827578ab.jpg,1,1,Vrai,1
2cb87a5afc.jpg,2,14,Faux,14
303f83252a.jpg,1,3,Faux,1
30eafce531.jpg,2,3,Faux,3
345392dcc4.jpg,2,3,Faux,3
34df799692.jpg,3,10,Faux,10
37b79ffb9e.jpg,3,0,Faux,0
382e9c61d2.jpg,2,1,Faux,1
3936e353b5.jpg,4,3,Faux,3
3ab8b1eafe.jpg,3,1,Faux,1
3b8ce2c645.jpg,2,2,Vrai,1
3c1e9ba74e.jpg,2,4,Faux,4
3ce14ca22d.jpg,1,4,Faux,4
3ce7a4f8d3.jpg,9,1,Faux,1
3cea17a50a.jpg,1,1,Vrai,1
3ff6d3771e.jpg,5,1,Faux,1
40ec550145.jpg,1,1,Vrai,1
41f86ed20a.jpg,1,0,Faux,0
423f759e95.jpg,7,2,Faux,2
4648c0065d.jpg,2,1,Faux,1
46a359fa40.jpg,2,2,Vrai,1
48892754b8.jpg,4,1,Faux,1
4a00c673be.jpg,8,2,Faux,2
4a94a53a4d.jpg,1,1,Vrai,1
4c110b3f38.jpg,4,1,Faux,1
50e957fd57.jpg,2,2,Vrai,1
5116f9eba7.jpg,1,1,Vrai,1
525b19e5f8.jpg,14,0,Faux,0
54471e89b6.jpg,1,25,Faux,25
54a2451c08.jpg,10,1,Faux,1
58756c918e.jpg,2,4,Faux,1
5a62670e5a.jpg,2,3,Faux,1
5b0f5bc22e.jpg,4,2,Faux,2
5be6be6e8b.jpg,1,5,Faux,5
5ea14bb05c.jpg,1,1,Vrai,1
5f1ac2f048.jpg,1,0,Faux,0
5f344d1d4a.jpg,6,6,Vrai,6
5f668902ab.jpg,12,1,Faux,1
5fd721d328.jpg,7,8,Faux,8
5fe4f5974e.jpg,2,0,Faux,0
61666fe63c.jpg,5,0,Faux,0
62359ef89a.jpg,2,1,Faux,1
624829575b.jpg,23,1,Faux,1
62e09c743a.jpg,6,1,Faux,1
6593709bcb.jpg,6,6,Vrai,1
6616a6eced.jpg,18,8,Faux,1
66c1fa6321.jpg,1,1,Vrai,1
67e9f0ad19.jpg,5,3,Faux,3
683980f276.jpg,12,19,Faux,19
68b9717d06.jpg,2,1,Faux,1
68cd8a6671.jpg,1,0,Faux,0
6a7cf885b3.jpg,1,1,Vrai,1
6ae1dcd74f.jpg,1,1,Vrai,1
6af7c46c14.jpg,3,1,Faux,1
6bc08a3b47.jpg,2,4,Faux,4
6c67bcfc1c.jpg,2,1,Faux,1
6dc663a9cc.jpg,14,5,Faux,1
6def3a281a.jpg,4,1,Faux,1
7099043cd4.jpg,5,0,Faux,0
727acd6f92.jpg,5,1,Faux,1
729cd49888.jpg,2,1,Faux,1
735f701622.jpg,6,0,Faux,0
761cbe7363.jpg,5,0,Faux,0
76823d4d0b.jpg,4,1,Faux,1
78b584e4eb.jpg,2,0,Faux,0
7d411f1cfd.jpg,1,7,Faux,7
7e89d91136.jpg,6,2,Faux,2
7f8d8ba579.jpg,5,5,Vrai,5
8337d848a1.jpg,2,2,Vrai,1
8462cbc1a1.jpg,3,0,Faux,0
856297b40c.jpg,1,1,Vrai,1
857e443a5c.jpg,8,0,Faux,0
85acd68e6b.jpg,4,1,Faux,1
85e2ffbf5c.jpg,2,1,Faux,1
8a286b8350.jpg,9,0,Faux,0
8b14f73c50.jpg,1,1,Vrai,1
8f7ce767df.jpg,1,1,Vrai,1
90d8fb7c6b.jpg,2,0,Faux,0
95048f1133.jpg,1,1,Vrai,1
95dfda47b0.jpg,1,1,Vrai,1
96646c7500.jpg,1,26,Faux,26
97b82b3e22.jpg,2,4,Faux,1
97c8c55575.jpg,5,2,Faux,1
995c3f39e3.jpg,17,1,Faux,1
9a6e4e2a80.jpg,2,1,Faux,1
9b0ef17a21.jpg,3,7,Faux,7
9b73f4da4c.jpg,1,2,Faux,2
9d0dc50226.jpg,2,1,Faux,1
9da70a732b.jpg,6,10,Faux,10
9f4aa01f35.jpg,1,0,Faux,0
9fade6cd4e.jpg,2,0,Faux,0
a06c57f985.jpg,2,2,Vrai,2
a47eb7a8d1.jpg,9,7,Faux,1
a61dea7681.jpg,3,5,Faux,3
a865c2830f.jpg,2,0,Faux,0
a89dd64b42.jpg,8,1,Faux,1
a91987cca2.jpg,7,2,Faux,2
ac1e56f809.jpg,8,1,Faux,1
ad6fa9abd5.jpg,2,2,Vrai,1
af48e3a674.jpg,1,1,Vrai,1
b078d19f0b.jpg,14,12,Faux,12
b5090e860a.jpg,2,1,Faux,1
baeb9b0746.jpg,4,1,Faux,1
bcd60503ea.jpg,3,5,Faux,5
bd853d373d.jpg,2,2,Vrai,1
c05014ad16.jpg,6,2,Faux,1
c0a3a7bfff.jpg,7,0,Faux,0
c153cb4f57.jpg,1,1,Vrai,1
c1ab7ae37f.jpg,6,0,Faux,0
c4020f2ebb.jpg,8,0,Faux,0
c6aeae0030.jpg,4,1,Faux,1
c76916cc7c.jpg,1,1,Vrai,1
c9f52a349e.jpg,1,6,Faux,6
ca7ac0fb97.jpg,2,1,Faux,1
cd822a630c.jpg,5,0,Faux,0
d1696b90db.jpg,2,1,Faux,1
d2c655e8ff.jpg,3,2,Faux,2
d5bb73b271.jpg,1,1,Vrai,1
d5e771c535.jpg,6,6,Vrai,6
d61f49a8b8.jpg,17,2,Faux,2
d74a6ec20c.jpg,1,1,Vrai,1
d7d814119d.jpg,2,1,Faux,1
d9bd662174.jpg,2,1,Faux,1
d9c4372483.jpg,2,2,Vrai,2
d9d1fd38d9.jpg,6,1,Faux,1
df5acc590e.jpg,1,1,Vrai,1
dfbb7a8b53.jpg,6,0,Faux,0
e05db179d0.jpg,2,2,Vrai,2
e0bd411a68.jpg,1,1,Vrai,1
e34f0afdcc.jpg,1,1,Vrai,1
e75188df16.jpg,2,2,Vrai,2
ea879277ec.jpg,1,1,Vrai,1
eaf6c3a2eb.jpg,9,9,Vrai,9
ecd7f82d6a.jpg,1,0,Faux,0
ed2b624ace.jpg,2,0,Faux,0
eddb7fc958.jpg,2,2,Vrai,1
ef0986ac8c.jpg,1,1,Vrai,1
ef46b04434.jpg,3,0,Faux,0
efc291356a.jpg,5,2,Faux,2
f0d1f625a3.jpg,2,2,Vrai,1
f2457ef7b5.jpg,4,1,Faux,1
f24cac2291.jpg,2,0,Faux,0
f2fe5f8bd7.jpg,14,0,Faux,0
f511c635db.jpg,1,14,Faux,14
f57fa52c00.jpg,5,2,Faux,2
f65d1afa5b.jpg,1,1,Vrai,1
f73b77c876.jpg,1,1,Vrai,1
f76ce6a0e2.jpg,4,1,Faux,1
f7974dca21.jpg,2,1,Faux,1
f7a05724be.jpg,1,1,Vrai,1
f7c61a41ed.jpg,1,1,Vrai,1
f93929818f.jpg,9,1,Faux,1
fa2f71338d.jpg,8,8,Vrai,8
fcd315987d.jpg,1,1,Vrai,1
fd27e38cb2.jpg,2,4,Faux,3
ff988eede5.jpg,1,1,Vrai,1
00beb51b9c.jpg,4,0,Faux,0
01043cbab3.jpg,1,0,Faux,0
042663dd1d.jpg,2,2,Vrai,1
06884cc891.jpg,5,2,Faux,1
06960162ac.jpg,3,0,Faux,0
069f877951.jpg,2,1,Faux,1
07dcdd0ac6.jpg,11,2,Faux,1
08f1f2f13c.jpg,1,0,Faux,0
0c4a62f358.jpg,2,0,Faux,0
0cd66055e2.jpg,5,0,Faux,0
0d493d0226.jpg,5,3,Faux,3
0ffd1b4eb3.jpg,4,0,Faux,0
1015a90947.jpg,5,1,Faux,1
10871c66ab.jpg,1,1,Vrai,1
116c21aba5.jpg,1,0,Faux,0
13e96621c2.jpg,1,1,Vrai,1
1429f4f776.jpg,3,5,Faux,5
14a01b1286.jpg,1,1,Vrai,1
15d5a9c4a6.jpg,5,0,Faux,0
16b5d76d83.jpg,1,1,Vrai,1
1a1f6fe1c9.jpg,1,1,Vrai,1
1b92cbd25d.jpg,4,1,Faux,1
1bb67ad3bf.jpg,1,0,Faux,0
1bf6e7be25.jpg,7,0,Faux,0
1d1f42df01.jpg,4,1,Faux,1
1df106c782.jpg,4,8,Faux,8
1e759db17f.jpg,6,0,Faux,0
1fa0ef9061.jpg,1,4,Faux,4
2126ca47ef.jpg,2,2,Vrai,1
2174d225c8.jpg,1,1,Vrai,1
217b03bce0.jpg,8,1,Faux,1
226bd2aa44.jpg,4,12,Faux,12
23efa768f5.jpg,4,2,Faux,1
24fc838136.jpg,4,1,Faux,1
267a58e31a.jpg,1,1,Vrai,1
28f12e9a03.jpg,1,1,Vrai,1
2a2d528578.jpg,1,0,Faux,0
2c23ddba4b.jpg,4,1,Faux,1
2c8f0e58fb.jpg,2,2,Vrai,1
2cc3e7ad62.jpg,1,1,Vrai,1
2ce2c9599b.jpg,12,0,Faux,0
2d05273320.jpg,4,0,Faux,0
3026b5c71e.jpg,16,0,Faux,0
3168dbe3cb.jpg,2,0,Faux,0
325b48be7d.jpg,7,9,Faux,9
3361ddfad9.jpg,3,0,Faux,0
33cc06b522.jpg,1,1,Vrai,1
34a00e3178.jpg,2,2,Vrai,1
36399ea2d5.jpg,1,1,Vrai,1
3703338220.jpg,15,17,Faux,17
37cf4e1e95.jpg,8,1,Faux,1
39b893788d.jpg,4,4,Vrai,4
3b6bf8f4c7.jpg,1,4,Faux,4
3ccb8bdeb2.jpg,1,1,Vrai,1
3ce90b158f.jpg,1,1,Vrai,1
3d47579113.jpg,6,2,Faux,1
3fd4c0747a.jpg,2,1,Faux,1
4232559650.jpg,12,6,Faux,6
42332e549e.jpg,1,0,Faux,0
45df630bd1.jpg,6,0,Faux,0
469f03c9d1.jpg,2,3,Faux,3
4748548408.jpg,2,2,Vrai,1
4b1a1306e9.jpg,3,0,Faux,0
4be02a3a07.jpg,1,1,Vrai,1
4c85a4fa31.jpg,2,2,Vrai,1
4c8831cc19.jpg,1,1,Vrai,1
5212ab24ee.jpg,2,1,Faux,1
534dcf1be9.jpg,1,0,Faux,0
53ce3eb155.jpg,2,5,Faux,5
559c24cbe6.jpg,1,1,Vrai,1
5a77a640e3.jpg,6,0,Faux,0
5ad7586100.jpg,1,1,Vrai,1
5c7ebf7a0b.jpg,1,12,Faux,12
5cb54bfecd.jpg,2,1,Faux,1
5df5c38fc3.jpg,1,2,Faux,1
60af1d608c.jpg,2,2,Vrai,1
60e361b06b.jpg,4,1,Faux,1
610a22d31c.jpg,1,1,Vrai,1
621a6bc098.jpg,2,1,Faux,1
62a2c77efe.jpg,1,1,Vrai,1
658ae71b78.jpg,2,0,Faux,0
65be5522ce.jpg,8,9,Faux,9
667f23ae7b.jpg,2,0,Faux,0
69828182e8.jpg,2,2,Vrai,1
6ab67a8787.jpg,3,0,Faux,0
6e1261a377.jpg,8,1,Faux,1
6e453ace62.jpg,1,0,Faux,0
705ab53a8e.jpg,6,0,Faux,0
73be72dca5.jpg,1,1,Vrai,1
77463d75de.jpg,2,2,Vrai,1
781fbd99db.jpg,1,1,Vrai,1
79eb826b40.jpg,24,0,Faux,0
7cb9d8d37c.jpg,15,2,Faux,2
80840fc1bc.jpg,5,1,Faux,1
828ec179f3.jpg,6,1,Faux,1
82a4014ebf.jpg,2,2,Vrai,2
84e8f68874.jpg,1,1,Vrai,1
851e1f2171.jpg,5,1,Faux,1
85d0e0160b.jpg,12,0,Faux,0
87180e9bba.jpg,4,1,Faux,1
87734b8965.jpg,6,0,Faux,0
8a5bc6a875.jpg,1,2,Faux,2
8c4f098db6.jpg,4,1,Faux,1
9220b16249.jpg,1,0,Faux,0
96dc60f04e.jpg,4,1,Faux,1
979ea8e95e.jpg,2,2,Vrai,1
97c9d2a94c.jpg,1,1,Vrai,1
99c4c7188a.jpg,8,0,Faux,0
99ccf439da.jpg,2,2,Vrai,1
99f9d25972.jpg,1,1,Vrai,1
9bdbb5305f.jpg,4,1,Faux,1
9c96c89453.jpg,2,2,Vrai,1
9d481c9234.jpg,2,4,Faux,3
9e72b76645.jpg,2,0,Faux,0
a3ccbbb7a8.jpg,1,1,Vrai,1
a5765171bf.jpg,1,0,Faux,0
af3961efff.jpg,2,4,Faux,4
b325fa361c.jpg,20,1,Faux,1
b363118bdf.jpg,1,2,Faux,1
b37d3960f1.jpg,4,4,Vrai,4
b540da58d7.jpg,2,3,Faux,3
b642fc16e2.jpg,2,7,Faux,7
b85417809b.jpg,1,1,Vrai,1
b861b9f53d.jpg,2,4,Faux,4
b8d281dcec.jpg,7,0,Faux,0
be792d73f8.jpg,1,1,Vrai,1
bfc5c84cfe.jpg,6,8,Faux,8
c04429f0eb.jpg,2,0,Faux,0
c179985e9b.jpg,3,2,Faux,1
c275dac81d.jpg,2,11,Faux,11
c46f224081.jpg,8,1,Faux,1
c6cc165937.jpg,7,0,Faux,0
c83aacc770.jpg,1,1,Vrai,1
c86fa6d3b6.jpg,1,0,Faux,0
c9507987c9.jpg,1,1,Vrai,1
ca5386b28f.jpg,1,1,Vrai,1
ca589b9f6c.jpg,3,1,Faux,1
cbe4b28451.jpg,1,1,Vrai,1
cdc81c633a.jpg,1,1,Vrai,1
cf7c1e37a9.jpg,6,1,Faux,1
cfa7c0008e.jpg,20,3,Faux,3
d0448196ac.jpg,1,0,Faux,0
d45c4208e6.jpg,2,0,Faux,0
d5106c4c0d.jpg,12,8,Faux,6
d5b1af919d.jpg,4,1,Faux,1
d64f9ec859.jpg,3,0,Faux,0
d7e7cbbc98.jpg,5,13,Faux,13
d954b3bb1c.jpg,4,3,Faux,3
da48497fc3.jpg,7,3,Faux,2
de596c15f6.jpg,4,1,Faux,1
df4312ddd7.jpg,1,1,Vrai,1
dff31bb1fa.jpg,4,1,Faux,1
e34a9453ef.jpg,3,2,Faux,1
e5b36a6193.jpg,4,3,Faux,1
e739ee141e.jpg,6,9,Faux,9
e7b6e326da.jpg,2,2,Vrai,1
e9f3332e88.jpg,9,0,Faux,0
eac92d0381.jpg,4,2,Faux,1
ebcd9f9c50.jpg,1,15,Faux,15
ed90b69834.jpg,4,1,Faux,1
f1c404f257.jpg,1,13,Faux,13
f1eb976813.jpg,4,9,Faux,9
f4aba8a6bd.jpg,1,1,Vrai,1
f5daf2d933.jpg,1,3,Faux,3
f8b3115d77.jpg,5,1,Faux,1
f9246952c5.jpg,6,1,Faux,1
f974a284f4.jpg,2,0,Faux,0
fa7913c9e1.jpg,1,0,Faux,0
faa1a0b6b6.jpg,15,0,Faux,0
fd3fe718a7.jpg,1,1,Vrai,1
fd79562e5f.jpg,1,2,Faux,2
fe1a028d45.jpg,2,2,Vrai,1
fe4fe6f808.jpg,2,2,Vrai,1
01685f1057.jpg,7,14,Faux,14
03e6960b68.jpg,1,4,Faux,4
058874b856.jpg,1,1,Vrai,1
05db64f4a6.jpg,2,2,Vrai,1
07be652b52.jpg,2,5,Faux,5
08925dda9f.jpg,2,2,Vrai,1
08e75a2e06.jpg,1,1,Vrai,1
0971e9de44.jpg,1,1,Vrai,1
0bb933b990.jpg,12,9,Faux,9
0f89a0e53d.jpg,6,1,Faux,1
12673f3cdf.jpg,6,3,Faux,1
12fa6090a9.jpg,2,1,Faux,1
13d366776e.jpg,6,0,Faux,0
14021b452a.jpg,2,2,Vrai,1
141ba0ed24.jpg,2,6,Faux,6
1486e9895a.jpg,2,8,Faux,8
1591723965.jpg,1,2,Faux,1
1657f7864e.jpg,2,1,Faux,1
17a0e9bfc9.jpg,2,1,Faux,1
18082376d0.jpg,4,1,Faux,1
182209e67d.jpg,3,0,Faux,0
1853ee1be0.jpg,6,4,Faux,4
1b1676cf44.jpg,1,0,Faux,0
1c1c268cb8.jpg,14,4,Faux,1
1cb9361d5b.jpg,1,1,Vrai,1
1dc7bf8b63.jpg,2,3,Faux,3
1f208af312.jpg,1,1,Vrai,1
2007984e1f.jpg,3,3,Vrai,3
232c6beb27.jpg,5,9,Faux,9
2398be4f4e.jpg,1,3,Faux,3
23a4f6cbd5.jpg,3,2,Faux,1
23c840f179.jpg,1,1,Vrai,1
24bdd6a6de.jpg,2,2,Vrai,1
24fb7d282d.jpg,14,0,Faux,0
251d54716b.jpg,1,1,Vrai,1
254a16b0c8.jpg,1,1,Vrai,1
25bf0c689d.jpg,1,1,Vrai,1
26d831ac00.jpg,1,2,Faux,1
2822887d98.jpg,9,0,Faux,0
2dbb4104d5.jpg,2,10,Faux,10
2e6896d8e6.jpg,1,2,Faux,2
2ef0e8e52a.jpg,2,0,Faux,0
3033e880c0.jpg,5,0,Faux,0
31cd909cf4.jpg,6,1,Faux,1
32739a40f2.jpg,1,1,Vrai,1
32f018be10.jpg,6,8,Faux,8
33dee6074e.jpg,12,0,Faux,0
34129827bc.jpg,2,0,Faux,0
34b27970d3.jpg,6,5,Faux,1
39447d2ec9.jpg,4,1,Faux,1
3a1bd86807.jpg,12,0,Faux,0
3b81b8aba5.jpg,1,1,Vrai,1
3c02c31de1.jpg,1,1,Vrai,1
3c32d6816f.jpg,1,1,Vrai,1
3dd52317fa.jpg,7,3,Faux,3
3e32ae667c.jpg,2,1,Faux,1
417bff4cc6.jpg,1,1,Vrai,1
4302480ce8.jpg,2,2,Vrai,1
432ce0094b.jpg,2,1,Faux,1
437b494202.jpg,1,1,Vrai,1
446904f332.jpg,2,2,Vrai,1
46b90f1fdc.jpg,1,1,Vrai,1
46c10b3462.jpg,6,0,Faux,0
46f9620171.jpg,1,1,Vrai,1
4701fbffe3.jpg,6,1,Faux,1
47386c894d.jpg,1,1,Vrai,1
475538da33.jpg,1,1,Vrai,1
47bbb23f1a.jpg,5,1,Faux,1
4979a0b5f7.jpg,2,0,Faux,0
4b1611d015.jpg,5,2,Faux,2
4d27842027.jpg,4,1,Faux,1
4ed4743387.jpg,1,15,Faux,15
51b0c438d1.jpg,2,2,Vrai,2
51cc36c469.jpg,7,0,Faux,0
522a707494.jpg,12,0,Faux,0
53b366dc83.jpg,6,1,Faux,1
53ce45a5ad.jpg,2,6,Faux,6
550aa8f7f8.jpg,1,0,Faux,0
55d6279c35.jpg,2,0,Faux,0
56b11330fa.jpg,2,1,Faux,1
57ea0eb995.jpg,6,5,Faux,2
58623c0d30.jpg,2,7,Faux,7
5881e3dd7c.jpg,1,2,Faux,1
5a737a0967.jpg,1,2,Faux,1
5a93f5b090.jpg,2,2,Vrai,1
5b1fe4a5e1.jpg,2,1,Faux,1
5b3a1fa09e.jpg,8,0,Faux,0
5e1ea72c72.jpg,13,2,Faux,2
5f97c10a98.jpg,1,1,Vrai,1
6062dd6aa4.jpg,1,3,Faux,1
6192330d8c.jpg,4,0,Faux,0
632a346c3a.jpg,7,0,Faux,0
65a4843235.jpg,1,1,Vrai,1
65edb1d540.jpg,12,6,Faux,1
665b1c95bc.jpg,1,5,Faux,5
66b057611c.jpg,1,2,Faux,2
66f15463b4.jpg,6,0,Faux,0
67b7a0a2d0.jpg,1,2,Faux,1
67b9d07963.jpg,1,0,Faux,0
69babb7349.jpg,1,1,Vrai,1
6fdedc75bc.jpg,8,8,Vrai,8
710de9a8fa.jpg,1,5,Faux,5
752d671b74.jpg,6,1,Faux,1
77d310fe4f.jpg,5,0,Faux,0
7870cce3a1.jpg,2,4,Faux,4
79a88cbcc1.jpg,2,6,Faux,6
7ab7bb225a.jpg,2,1,Faux,1
7b2fcb5dfc.jpg,2,0,Faux,0
7c3cf57a2c.jpg,2,2,Vrai,1
7cfb41bac3.jpg,1,1,Vrai,1
7de2627e28.jpg,2,1,Faux,1
7defd3bdb7.jpg,6,4,Faux,1
7df509bc55.jpg,1,4,Faux,1
7f4f7dec71.jpg,1,1,Vrai,1
807f5448b5.jpg,12,9,Faux,9
813563c984.jpg,2,266,Faux,266
82190ba644.jpg,1,13,Faux,13
825e4c1992.jpg,2,1,Faux,1
839e3d00d2.jpg,6,1,Faux,1
83a8d84b14.jpg,1,1,Vrai,1
83dce1fa00.jpg,2,2,Vrai,1
858451585d.jpg,9,10,Faux,10
85e785fb3b.jpg,14,5,Faux,5
86af94dc1f.jpg,1,1,Vrai,1
8834ee51da.jpg,5,3,Faux,3
8910105010.jpg,3,3,Vrai,1
89c3283c43.jpg,1,1,Vrai,1
89c6f29a65.jpg,4,1,Faux,1
8a86e0f116.jpg,1,1,Vrai,1
8b1da9c908.jpg,1,4,Faux,1
8cdf5272cc.jpg,2,2,Vrai,1
8eb878ba2e.jpg,12,11,Faux,11
8eca38d54b.jpg,1,2,Faux,1
910ecde00b.jpg,15,1,Faux,1
93957ef097.jpg,2,2,Vrai,1
9545841874.jpg,1,4,Faux,1
96f736f54f.jpg,1,1,Vrai,1
97122dd108.jpg,2,1,Faux,1
9742d5e9e3.jpg,2,0,Faux,0
9743d218ea.jpg,1,1,Vrai,1
9a8b11d5b0.jpg,2,1,Faux,1
9c14bd0aac.jpg,1,1,Vrai,1
9d80f0cbaf.jpg,11,1,Faux,1
9f52d4c146.jpg,1,4,Faux,4
a11e78a456.jpg,16,0,Faux,0
a319848121.jpg,2,0,Faux,0
a46a276558.jpg,1,1,Vrai,1
a5bddfdf50.jpg,6,103,Faux,103
a78251f564.jpg,1,12,Faux,12
a7bc8fa98a.jpg,1,1,Vrai,1
a933a8bcc6.jpg,2,1,Faux,1
a97e658d9c.jpg,1,2,Faux,1
abcae9339c.jpg,1,1,Vrai,1
aeb3f9ea8b.jpg,6,1,Faux,1
af8934a76c.jpg,1,3,Faux,3
b146f1c0b5.jpg,2,1,Faux,1
b4971d4f15.jpg,1,1,Vrai,1
b4a9dcae76.jpg,4,3,Faux,3
b54a0212e3.jpg,2,1,Faux,1
b5fd7ac418.jpg,1,2,Faux,1
b94a8433ab.jpg,2,2,Vrai,2
b9aafe65d8.jpg,2,8,Faux,8
bb4ab48878.jpg,2,1,Faux,1
bc263989ab.jpg,1,1,Vrai,1
bdfa9cbd34.jpg,1,1,Vrai,1
bead3b82b7.jpg,1,0,Faux,0
c229d84512.jpg,2,2,Vrai,1
c23f52031b.jpg,2,0,Faux,0
c49591d0c4.jpg,2,2,Vrai,2
c5dfbefe4c.jpg,3,1,Faux,1
c5f5b8cc36.jpg,6,0,Faux,0
c6e61445d9.jpg,3,1,Faux,1
ccca72e391.jpg,1,0,Faux,0
cd2e240bb3.jpg,5,1,Faux,1
ce8e1360a1.jpg,1,2,Faux,2
cff7ba9cf9.jpg,14,1,Faux,1
d021cacfc8.jpg,6,3,Faux,3
d0a8b11791.jpg,2,6,Faux,6
d27830b93a.jpg,4,1,Faux,1
d697497d81.jpg,2,1,Faux,1
d7703d09c3.jpg,2,2,Vrai,1
d7a1fe4bdd.jpg,2,0,Faux,0
d7e0a8e629.jpg,1,2,Faux,1
d8fdf027a8.jpg,1,13,Faux,13
dcfe9717ee.jpg,2,0,Faux,0
ddc7b6c915.jpg,3,3,Vrai,1
de96300ee6.jpg,2,2,Vrai,1
de9fd0d9b2.jpg,1,2,Faux,1
e16bf3970f.jpg,6,3,Faux,3
e23bc81a64.jpg,6,0,Faux,0
e2cd21fc2c.jpg,2,1,Faux,1
e3e47162ce.jpg,2,1,Faux,1
e42baf7bc4.jpg,2,2,Vrai,1
e5a16909cd.jpg,4,5,Faux,5
e68ac14389.jpg,1,1,Vrai,1
e71b2ee0b7.jpg,1,1,Vrai,1
e7279b8af6.jpg,2,2,Vrai,1
e79e1e364c.jpg,2,0,Faux,0
eadb9b6371.jpg,15,1,Faux,1
ec10ef3991.jpg,2,5,Faux,5
ec9c803ca4.jpg,2,0,Faux,0
edad3bceac.jpg,2,361,Faux,361
eee24b2250.jpg,2,0,Faux,0
f09879c4bb.jpg,1,5,Faux,1
f14acc0c42.jpg,1,0,Faux,0
f153d05712.jpg,2,1,Faux,1
f8934b8498.jpg,6,0,Faux,0
fb5981d5de.jpg,2,1,Faux,1
fb6f6573b6.jpg,2,1,Faux,1
fe3d6dfd45.jpg,1,2,Faux,1
ffa5e02e21.jpg,2,6,Faux,1
